publishedAt,authorDisplayName,textDisplay,sentiment,paslon
2024-11-20T17:25:02Z,@supriyanto-xd8jj,aja bersih dicela daerah,netral,0
2024-11-18T16:54:14Z,@paksudarsono5229,banyuwangi hadir bu,netral,0
2024-11-18T12:03:38Z,@taktuntung123,partai pengusung lawan partai pengusung partai pengusung yg menag ya sepeetinya yg menang yg partai pengusungya nih hehehe,netral,2
2024-11-17T14:45:20Z,@sultan2chanelkids871,no asing yg kenal bu risma bu khofifah no mengenal suka no orangnya lues,netral,1
2024-11-16T23:34:02Z,@sundaRaya-lc7he,merdeka persemakmuran,netral,0
2024-11-12T15:55:46Z,@dutafajar421,wayae bu risma tampil pokok e warga suroboyo ae wes paham karo kerjo e wonge gaatek ita disat set wat wet beres,netral,2
2024-11-12T03:37:23Z,@rasulmunir4826,bu risma is the best,netral,2
2024-11-12T03:20:49Z,@rasulmunir4826,beruntunglah masyarakat jatim dipimpin risma semoga kelak orang nomer republik tercinta,netral,2
2024-11-12T03:12:19Z,@rasulmunir4826,iri jawa timur memiliki risma wanita hebat semoga kedepannya pemimpin negara tercinta,netral,1
2024-11-11T08:31:40Z,@chenneltv125,serang,netral,0
2024-11-06T14:50:25Z,@QorinaAzza,a https amp lulusan smk kompetitif dunia kerja smk quot terpisah quot dunia industrinya kecepatan perkembangan teknologi inovasi industri berjalan smk semutakhir apapun program link and matchnya ngewes br br menyelesaikan bikin smk jurusan pastinya butuh sarana prasarana mending smk digabungkan langsung industrinya jenis perusahaan wajib program inkubasi inkubasi sertifikat setara ijazah smk contoh perusahaan bidang perhiasan jatim perusahaan perusahaan yg mandat kewenangan menerbitkan ijazah bidang perhiasan tercapai efisiensi sarpras kesesuaian kompetensi kebutuhan industri peserta inkubasi lulus disebar perusahaan terserap cari perusahaan perhiasan provinsi sebelah direkrut perusahaan asing br br efisien diterapkan,negatif,2
2024-11-04T15:45:45Z,@ARI-bn4mp,coment ahh br pemecah aj rame br menjabat tp bbrpa ad yg blm puas br yg udh tau kerja nyata nya perubahan wali kota br tau suara br tp yg calon cp yg menang semoga membawa jawa timur lbh aaminn br coment tp nonton bbrpa menit,netral,0
2024-11-03T01:51:34Z,@RobertWicaksono-e1q,pemimpin paslon yg terpilih milik surabaya paslon no yg salam br assalamualikum br salam damai sejahterah br shallom br omsuasti namubudaye br pemimpi yg cinta bhenikaan semoga bu risma pemimpin yg jujur cerdas yg cinta warga jawa timur,netral,2
2024-11-02T19:01:26Z,@ben9879,pemimpin ahok risma terbukti nyata jujur antikorupsi antipungli kerja cepat berani berantas mafia penguasa lahan gaya bicaranya yg keras milih calon yg santun lembek ya gitulah gambaran kualitaa pemilih indo giliran yg korupsi pungli kpk dilemahkan pungli polisi ga becus dsb,netral,1
2024-11-02T16:54:25Z,@BankMandiriSunsetRoad,yg kerja nyata ya bu risma,netral,2
2024-11-02T14:41:22Z,@AgusSetiawan-e2i,bu risma,netral,2
2024-11-02T09:14:50Z,@SARBINISARBINI-kh2wd,perubahan coblos no b luluk,netral,3
2024-11-02T02:54:14Z,@munawarqomar5240,khofifah mantab,netral,1
2024-11-02T02:01:00Z,@teguhwibowo1104,josss,netral,0
2024-11-02T01:56:26Z,@teguhwibowo1104,emak emak ciwik ciwik susah bantah,netral,0
2024-11-01T12:44:13Z,@abdullahcool9255,tetep khofifa aja,netral,0
2024-11-01T08:15:57Z,@PauluscaturMidianto,risma laaaah,netral,2
2024-11-01T07:33:56Z,@diantari3591,guru n bpk klu msk guru gajinya guru,netral,0
2024-11-01T05:27:58Z,@Vinodavidson,percaya barisan bu khofifah emil emil orang cerdas,negatif,1
2024-11-01T03:11:59Z,@oiandreas6205,milih po ae br milih moro quot d gledah mneh,netral,0
2024-11-01T03:07:33Z,@oiandreas6205,sampe bongko kluargaku bu risma,netral,2
2024-11-01T03:02:48Z,@oiandreas6205,nggedabrus ng jatim gk onok pengangguran nglamar ng pabrik ae angel bos paslon,netral,0
2024-11-01T02:52:38Z,@oiandreas6205,jathilan cagub jatim gk onok sg ruh,netral,0
2024-11-01T02:51:44Z,@oiandreas6205,reog udah level dunia boosss br karapan sapi dah level dunia,netral,0
2024-11-01T02:49:52Z,@oiandreas6205,paslon br paslon br paslon br putaran wat paslon br risma gus han,netral,2
2024-10-31T21:31:49Z,@oiandreas6205,ayo bu risma,netral,2
2024-10-31T20:05:50Z,@farhanfabregas8916,ayo bu risma risma terbukti menyala e,netral,2
2024-10-31T15:38:40Z,@arifazhar1268,dukung bu risma,netral,2
2024-10-31T02:38:47Z,@Endah_Masruroh,,netral,0
2024-10-30T15:36:06Z,@adhymuhammad4291,nek gak risma yoo oraaa,netral,2
2024-10-30T13:51:06Z,@lalaajanih,blitar bu risma,netral,2
2024-10-30T01:49:41Z,@nobaronline1024,ya pdi,positif,0
2024-10-30T01:44:56Z,@nobaronline1024,bu risma emosian,negatif,2
2024-10-29T17:48:13Z,@Alimarwin,,netral,0
2024-10-29T04:38:52Z,@bagussujiwo2605,bu risma,netral,2
2024-10-28T08:52:23Z,@uchamerdeka,ahh gw asli madura gw lulusan smk alham dulillah gak ngangur si lulus smk berani melangkah berani nekat norobos nerobos loker jurusannya alhamdulillah nembus nembus ajah tergantung niat usaha jiirrr gak lu sesuai rencana cong jurusannya tekat kemauan,netral,0
2024-10-28T07:53:18Z,@Al-Djokoan_Al-Hassani,ketua kpud jawa timur,netral,0
2024-10-28T07:49:35Z,@Al-Djokoan_Al-Hassani,hj tri rismaharini amp muhammad zahrul azhar asumta,netral,2
2024-10-28T07:16:08Z,@cakrozysbc5596,nadiyin gresik ttp bu risma,netral,2
2024-10-28T03:49:38Z,@cahyosusilo271,bu,netral,0
2024-10-28T02:58:17Z,@pltmgbelimbing9042,srikandi srikandi hebat negri bu kofifah periode,netral,0
2024-10-27T15:17:37Z,@ZulaikhahAzizah,semoga bu khofifah mas emil berkelanjutan,netral,1
2024-10-27T13:58:43Z,@MulyonoTelur,debat jatim polll bikin greget kalah jkt,netral,0
2024-10-27T09:50:37Z,@danidanikartim7868,bu risma,netral,2
2024-10-27T06:26:06Z,@natanadis,kota kediri gt gt gt gt gt gt bu risma,netral,2
2024-10-26T16:34:15Z,@QonitaAzzam2015,kader pmii ngefans buk risma beliau cocok memimpin negara,netral,2
2024-10-26T15:10:50Z,@harisfaizal8250,bu luluk wacana gratis seragam sekolah rakyat kalangan bikin,netral,3
2024-10-26T15:04:02Z,@harisfaizal8250,luluk cantik,positif,3
2024-10-26T12:40:16Z,@BagusKusuma-m8v,bu risma rakyat jatim,netral,2
2024-10-26T10:09:56Z,@sugengdaluh9781,bu risma nyai seppo karismatik,netral,2
2024-10-26T10:09:31Z,@sugengdaluh9781,bu luluk digembleng anies tata etika debat,netral,3
2024-10-26T06:34:46Z,@sugengdaluh9781,bu khofifah ngomongin indonesia emas banyuwangi jatim tambang emas yg disembunyikan publik br br sayang tambang dikelola perusahaan tiongkok,netral,1
2024-10-26T06:03:35Z,@boyeks.713,cagub niru program cagub mulu,netral,0
2024-10-25T23:03:05Z,@AldoBogreks_80,resik resik jawa timur wayae bu risma gubernur,netral,2
2024-10-25T17:21:03Z,@TONYPratondoAdi,pengan jatim maju pilih pemimpin yg pekerja keras amp resik wis gak abu abu gak korupsi dll br br vote bu risma,netral,2
2024-10-25T06:36:41Z,@coyafrianto,tetep tri risma panutan pilihankuh,netral,2
2024-10-25T06:36:29Z,@coyafrianto,tetep tri risma panutan pilihankuh,netral,2
2024-10-25T04:13:58Z,@Sasintiayu_,bu risma kerja nyata orangnya bijak memimpin,netral,2
2024-10-25T00:40:03Z,@sinyof123,bnyak omong kerja omong ndk bs kerja sih yakyakyak,netral,0
2024-10-24T23:26:29Z,@joker-xj2df,panggah pilih mak e arek arek berani jujur and turun lapangan perubahan mak e mak e mak e jawa timur,netral,0
2024-10-24T17:06:45Z,@nindasepty9446,love bu risma,netral,2
2024-10-24T15:18:32Z,@dja2_ng,jatim pilihannya bagus bagus yg menang terbaik pilihan rakyat jatim,netral,2
2024-10-24T11:18:31Z,@ahmadsubaidi2075,madura bu risma,netral,2
2024-10-23T22:02:31Z,@Rini03-73,bu khofifah,netral,1
2024-10-23T12:35:40Z,@devarahijabgrosir-6138,khofifah emil dardak semoga menang,netral,1
2024-10-26T13:52:04Z,@budiekapawitra9006,amin,netral,0
2024-10-23T09:15:01Z,@ahmadkbm9195,pilih yg pinter kerja bu risma bkan yg pinter ngomong,netral,2
2024-10-23T06:34:48Z,@FahmiAbror-j7w,bu risma,netral,2
2024-10-23T05:51:34Z,@intanayuna01,bu risma ga ragukan,netral,2
2024-10-22T23:06:16Z,@dedyahmad4796,bu risma,netral,2
2024-10-22T22:33:44Z,@oppomunawaraditya7256,bojonegoro bu rismaa,netral,2
2024-10-22T18:06:47Z,@FridaSchryn,mantap gubernur jatim,netral,3
2024-10-22T17:27:38Z,@witooke8653,pemikiranku beda aq senang calon yg diusung partai koalisi daerah dikelola dikuasai at parpol,netral,0
2024-10-22T16:42:06Z,@SanPak-r9b,bu,netral,0
2024-10-22T16:41:13Z,@SanPak-r9b,aq gk pilih no karna baalawi merajalela,netral,0
2024-10-22T15:46:35Z,@martuahutagaol1102,bu risma,netral,2
2024-10-22T15:34:19Z,@LiaLeo-f7w,ketar ketir kalo kalah yg pakai rompi orange dana hibah bekas buk risma bersih trasparan kalo yg awok awok kpk gledah kantor gub jatim apanya,netral,2
2024-10-22T11:06:03Z,@Momos-r5q,mantap bu risma pilihan ku,netral,2
2024-10-22T07:48:37Z,@abdulhamid1238,gas bu khofifah,netral,1
2024-10-22T03:50:08Z,@ctr716,bu risma the best,netral,2
2024-10-21T23:21:06Z,@partinipartini7131,risma tetep paĺèñg unggul tiďak terbanďìngi,netral,2
2024-10-21T18:10:56Z,@sanjanic,bu risma surabaya br khofifah gaada perubahan skip skip ga merakyat rugi pilih kofifa,netral,1
2024-10-21T17:37:19Z,@سيتيااا,risma good,netral,2
2024-10-21T17:34:30Z,@ardityafirman8480,bu risma,netral,2
2024-10-21T17:26:31Z,@RohmatjatiGumelar,bu risma perubahan gamau lanjutkan,netral,2
2024-10-21T17:26:00Z,@pakiszur6101,arek suroboyo bu risma all in,netral,2
2024-10-21T16:53:26Z,@SafangatPangat-x4b,klw pdip gk pilih,netral,0
2024-10-21T15:13:19Z,@arrohmahchanel2762,bu risma,netral,2
2024-10-21T14:52:18Z,@FERDYGIRINDRARAHARJO,insyaallah bu khofifah mas emil umur sehat,netral,1
2024-10-21T14:08:25Z,@bydisme2748,bu luluk gubernur,positif,3
2024-10-21T13:07:06Z,@HERWINSIDHARTA,kofifa menang uang kemajuan jatim kosong pengen ngerasain dipimpin risma gk uang suka rakyat,netral,2
2024-10-21T12:52:01Z,@partinipartini7131,semangat,netral,0
2024-10-21T08:19:42Z,@supriyadiaja9181,hati hati cagub tukang serang diminati pemilih,netral,1
2024-10-21T08:04:06Z,@anakkampung4669,bu risma aja,netral,2
2024-10-21T07:51:19Z,@aryasatya9169,semoga gk kecurangan bu risma mutlak byk yg pilih tulus hati utk rakyat menang quot,netral,2
2024-10-21T05:43:23Z,@ahmadasrorifa4438,ok,netral,0
2024-10-21T04:49:12Z,@Doni-jd7ix,kota angin nganjuk ladang br setuju br gubenur jatim br br risma,netral,2
2024-10-21T02:48:45Z,@redrose2988,bu risma gubernur surabaya aja gapapa br resik bahasa jawa bahasa jatim orang madura gk paham br br luluk khofifah bersaing gasssss,netral,1
2024-10-21T01:33:01Z,@hidayahnur_.,bu risma kejujuran nya,netral,2
2024-10-21T01:31:54Z,@hidayahnur_.,bu risma hebat menghilang ndholi,netral,2
2024-10-20T23:59:13Z,@MisbahImis-yr1yc,no,netral,0
2024-10-20T23:00:59Z,@ariparip5926,bu risma pandai bicara tpi pandai ikhlas hati,negatif,2
2024-10-20T15:01:48Z,@sulamgaslor9967,bu risma gas,positif,2
2024-10-20T14:20:45Z,@JareSinten,bu risma semagat,netral,2
2024-10-20T09:33:54Z,@bembemtoys,penonton nya norak,negatif,0
2024-10-20T09:32:44Z,@bembemtoys,suaranya emang gini hp gue,netral,0
2024-10-20T09:31:13Z,@aliabarokah1087,bangkalan menangkan bu luluk,netral,3
2024-10-20T05:44:49Z,@SupriAdi-hw3bm,contoh pemimpin yg tdk menjatuhkan mendukung,netral,0
2024-10-20T05:02:27Z,@ujhedini,gaspoll bu risma,netral,2
2024-10-20T01:56:35Z,@zunanheribudiyanto9819,mantap bu risma nilai nilai kebangsaan tergerus modernisasi mohon teori tindakan nyata,netral,2
2024-10-19T23:18:39Z,@syarifzuhri955,nya baguus layak jatim br br semoga allah memilih terbaik,netral,1
2024-10-19T22:31:19Z,@AliFarid-i1t,mbak luluk jooooz,netral,3
2024-10-19T22:29:30Z,@AliFarid-i1t,luluk the,positif,3
2024-10-19T22:28:30Z,@AliFarid-i1t,luluk the best,netral,3
2024-10-19T19:27:44Z,@m.farhanramdhoni4768,no menang,netral,0
2024-10-19T18:59:00Z,@Abdurrahman1976-g9b,debat presiden wakil presiden pa prabowo bicaranya cerdas dr calon dy d pilih rakyat krna bicaranya dr hati d rekayasa dr tertarik bu risma krna bicaranya iklas tulus hati d semoga bu risma menang,netral,2
2024-10-19T18:25:59Z,@Abdurrahman1976-g9b,surabaya malang kediri madura dll tlg lupa coblos no bu risma,netral,2
2024-10-19T18:03:37Z,@muniroioi17,mak,positif,0
2024-10-19T17:28:19Z,@agusrohman4779,bu luluk cerdas energik bu luluk jatim bravo bu,netral,3
2024-11-01T02:55:21Z,@oiandreas6205,abot persaingan paslon ro,netral,0
2024-10-19T16:59:30Z,@ArmandManila,luluk smart lugas semoga terpilih bu luluk,netral,3
2024-10-19T16:51:02Z,@WafieArraziv,kualitas publik speaking bu khofifah emang ga diragukan,netral,1
2024-10-26T13:52:53Z,@budiekapawitra9006,the best bu khofifa,netral,0
2024-11-02T01:32:25Z,@ervinaindriagni9875,sayangnya lomba publik speaking adu program,netral,0
2024-10-19T16:50:09Z,@PratamaAreihan,bu khofifah kerja nyata hasilnya nyata ga janji belaja,netral,1
2024-11-01T02:41:39Z,@oiandreas6205,opo hasike lamongan bojonegoro panggah ngunu ae,netral,0
2024-10-19T16:49:38Z,@Lazuardihidayat,anak muda dukung khofifah emil,netral,1
2024-10-19T16:42:58Z,@TonoTarmudji,mesti menang periode,negatif,0
2024-10-19T16:41:23Z,@Cahyowiraone,periodee,positif,0
2024-10-19T15:41:35Z,@widodowidodo8169,keluraga sidoarjo pilih mak rusma,netral,0
2024-10-19T15:41:20Z,@NachdyahDiva,emil karo khofifah iki pasangan apik kombinasi pengalaman lan semangat muda ngubah jawa timur,netral,1
2024-11-01T02:42:12Z,@oiandreas6205,ngubah dana hibah,positif,0
2024-11-01T03:34:54Z,@FarisJumadi,ngakakkkk opone sg berubah,netral,0
2024-10-19T15:37:38Z,@nachdyahdivamaghfirah1123,kolaborasi mas emil lan bu khofifah iki nggawe jawa timur maju lan sejahtera,netral,1
2024-11-01T02:42:40Z,@oiandreas6205,maju dana hibah e,netral,0
2024-10-19T15:11:32Z,@luviandriani1670,jalanya cik jawa timur,netral,0
2024-10-19T15:07:22Z,@Lilythaliaaaa,lawong emil karo risma wes setara,netral,1
2024-10-19T15:05:06Z,@azarinedaily9528,mbak luluk semoga gubernur,netral,3
2024-10-19T15:04:50Z,@YaraFaelynn,wakilnya keliatan oke mas emil aja,netral,1
2024-10-19T14:54:39Z,@alyandwafa841,lukman,netral,0
2024-10-19T14:37:28Z,@japaelss,rung wayae risma vs khofifah seh,netral,1
2024-10-19T14:34:24Z,@tanayaSaraswati,emil karo khofifah ae,positif,1
2024-10-19T14:33:55Z,@raufrauf9791,bu risma is the best,netral,2
2024-10-19T14:32:03Z,@yusepsep8053,sya orang lampung tpi skrng dimalang cuman dri dlu emg suka liat kepemimpinanya bu risma liat semyumnya bu risma seneng senyum yg ikhlas bismilah semoga bu risma menang,netral,2
2024-10-19T14:26:13Z,@sitiqurrotuayun6420,wakile sing oke wes mas,netral,0
2024-10-19T14:22:37Z,@DikcyGuppy34,bismillahirrahmanirrahim maju bu risma butuh yg memasyarakat bkn sblm pilihan turun masyarakat tp duduk gak turun masyarakat trimakasih maju bu risma seruduk aja yg mempersulit,netral,2
2024-10-19T14:21:29Z,@ademorissapribadi176,dr sllu ngeidolain bu khofifah krn ketegasan ny sukses sllu,netral,1
2024-10-19T14:21:20Z,@tomyanggriawan7534,mbak luluk cantik sekaliii,netral,3
2024-10-19T14:19:12Z,@sitiqurrotuayun6768,mas emil wes setara karo bu risma lohh,netral,1
2024-10-19T14:17:30Z,@marwanadi7223,gk milih liane milih kang emil wae ws kinerjane,netral,1
2024-10-19T18:56:23Z,@ryanastronout699,milenial job center ae gak arahe,netral,0
2024-10-19T14:15:37Z,@sitimarifah4005,mas emil wes setara karo bu risma bagosss,netral,1
2024-10-19T14:15:11Z,@NyedotBolo,mosok arek quot isih meragukan kang emil,netral,1
2024-10-19T18:59:00Z,@ryanastronout699,ragu janjine kate ubah jatim dadi sekelas belanda eh downgrade setara vrindavan,netral,0
2024-10-19T14:12:28Z,@ngaritbolo-f9t,bu risma cocok memimpin kota surabaya bu risma,netral,2
2024-10-19T14:10:39Z,@ririnfebriati7499,perasaan wakil seng cocok mas emil tok semangat mas,netral,1
2024-10-26T13:52:34Z,@budiekapawitra9006,amiiin doakan emil khofifah jatim is back,netral,1
2024-11-01T03:03:34Z,@oiandreas6205,wakil iku ban serep cak gk due kuasa,netral,0
2024-10-19T14:09:56Z,@BangkakSpt,bissmillah semoga pemimpin kota surabaya membawa perubahan kota surabaya,netral,0
2024-10-19T14:07:47Z,@muqimlaila,semangat bu risma jadikan kota surabaya,netral,2
2024-10-19T14:05:47Z,@ngaritbolo-f9t,coblos nomor memimpin kota surabaya maju,netral,0
2024-11-01T03:09:35Z,@oiandreas6205,nggedabrus dana hibah yak opo rek,netral,0
2024-10-19T12:53:21Z,@FitriSunarti-x9d,sidoarjo insaallah merisma sidoarjo memilih mata hati,netral,1
2024-10-19T12:48:37Z,@JamroniRoni-yn3ql,jawatengah brebes bu risma milih,netral,2
2024-10-19T12:41:11Z,@kazeman3282,burisma nasionalis gk kptngan klompoksaja,netral,2
2024-10-19T12:28:50Z,@akbarbermain9472,prabs pakai turban,netral,0
2024-10-19T12:28:19Z,@akbarbermain9472,hoaamm membosankan,negatif,0
2024-10-19T11:52:21Z,@hiskiasimanjuntak133,hati hati survei mengunggulkan kofifah survei kdg utk menggiring opini hasil real dilapangan kawal,netral,0
2024-10-19T11:15:25Z,@Marsidi-x9s,ponorogo insyal allah bu risma,netral,2
2024-10-19T10:54:21Z,@rezapahlevisyaiful5404,ga tau emil sreg mentri ya soalny klo wagub kewenangny terbatas emil mentri periode berikutny menyalonkan gubernur jos gandos gasss,netral,1
2024-11-01T02:44:50Z,@oiandreas6205,kon ta presiden e kocak,netral,0
2024-10-19T10:20:52Z,@mujimadiun8150,bu risma pilahan sy,positif,2
2024-10-19T10:19:35Z,@mujimadiun8150,bu risma pilahan warga jawa timur risma penuh ketulusan,netral,2
2024-10-19T09:57:38Z,@7_zarifanurinnisa418,arek sby pilih bu risma,netral,2
2024-10-19T09:36:32Z,@dryx148,gus hans very good,netral,2
2024-10-19T09:33:37Z,@dafamovic3493,bu risma,netral,2
2024-10-19T09:14:29Z,@zainalarifin-yb7ib,bu luluk keren sih,netral,3
2024-10-19T09:05:47Z,@cellynkharizma3187,lumajang bu risma,netral,2
2024-10-19T08:42:31Z,@ZannNabrahman,bu rismaa,netral,2
2024-10-19T08:27:22Z,@firliarfianchannel,bu risma tok kerja nyata,netral,2
2024-10-19T08:18:19Z,@FerdinalDarmadandi-ru8hj,orang jakarta numpang nonton berharap ya memilih berharap aja semoga bu risma terpilih gubernur,netral,1
2024-10-19T08:09:29Z,@kusmaskus1096,risma pokok e,positif,2
2024-10-19T07:55:41Z,@AhmadSaid-f7g,luluk cerdas banget peduli,netral,3
2024-10-19T07:23:39Z,@mamansulaiman7742,bu risma,netral,2
2024-10-19T07:12:42Z,@anjaresturestu1333,pilihlah pemimpin yg pinter kerja yg pinter ngomong,netral,0
2024-10-19T07:08:01Z,@ArthaIlmanK,ayo bu risma br beruntung coz pas pindah k surabaya bu risma yg mimpin ayolah pengen risma mimpin jawa timur merasakan yg ceritakan suami a better nya bu risma terbaik kerja nyata br bismillah bu risma,netral,2
2024-10-19T07:04:11Z,@jasonricardo7640,bu risma tetep nomer,netral,2
2024-10-19T06:56:47Z,@SamperSamper-ui9ih,pilih bu,netral,0
2024-10-19T06:41:20Z,@jokerman-p6c,bu risma kinerjanya ikhlas dibuktikan surabaya,netral,2
2024-10-19T06:34:58Z,@jasonricardo7640,no kl ngomong muluk ga ketua ga wakil aj ga terealisasi,netral,0
2024-10-19T06:33:12Z,@suwartonamaku5804,prestasi kopipah to tersandra kpk,netral,0
2024-10-19T06:29:19Z,@Edymarepo,ngeri wee paslon kegemukan partai pendukungnya,netral,0
2024-10-19T06:01:48Z,@achmadn.7255,gassssss bu risma budalno ta gak iki bosssssssss like sek ta,netral,2
2024-10-19T05:50:18Z,@antokwahyudi7297,risma pilihan orang jatim br kofifah kesandung kpk br luluk cocok staf nya risma,netral,2
2024-10-19T05:38:26Z,@aaaaaaaaaaaaargh,a https amp ide no oke fokusin kabupaten tonjolin keunikan but gede banget makan anggaran manajemen lengkap kontrol riset sampe implementasi br br no infrastruktur okelah but target marketnya sih banyakin wisata konsentrasikan aja biar maksimal br br no banget mayoritas oke peminatnya gak adil aja br br kalo pilih pake ide no but kabupaten prioritasin kabupaten potensi wisata dunia kabupaten minimal alasannya biar persiapan mateng riset sampe implementasi targetnya orang provinsi negara jadiin kayak bali dijadiin destinasi,positif,0
2024-10-19T05:40:55Z,@aaaaaaaaaaaaargh,kalo pertahun anggaran dioptimalkan menjabat kabupaten harapnya sih diterusin gub potensi pake br br br sumber ngarang,netral,0
2024-10-19T05:16:49Z,@Bang_ijol,kopi pahit minggirrrr,positif,0
2024-10-19T05:04:45Z,@boomvanz1300,bu risma kerjanya nyata,netral,2
2024-10-19T04:56:06Z,@aaaaaaaaaaaaargh,a https amp kalo setuju ketiga calon penyakit orang sakit sederhana aja cerdaskan rakyat pengetahuan gaya hidup sehat sosialisasi rutin pola hidup olahraga atur makanan rakyat sehat penyakit gak intinya rakyat cerdas penyakit br br nggak senang rakyat sehat kehilangan keuntungan rakyat br br sumber ngarang,netral,0
2024-10-19T14:30:23Z,@7_zarifanurinnisa418,teorinya gampang ga org mempraktekkan gaya hidup ditinjau masyarakat krg menerapkan hidup sehat,netral,0
2024-10-19T04:50:43Z,@andienaelsafira3887,calon calonnya keren semuaa cagub cawagub ikhlass yg terpilih keknya tenang dengerin debat cagub debat pilpres,netral,0
2024-10-19T04:20:25Z,@wachidmujizat6572,nya yg menang bu risma pendukung nu sdh dipecah pkb,netral,2
2024-10-19T04:16:53Z,@ekoadi4325,bu,netral,0
2024-10-19T04:13:01Z,@ArifSetyadi-q9t,buu risma kerja nyata turun dilapangan kenyataan cp yg yg nutup doly komplek terbesar diasia resik quot,netral,2
2024-10-19T04:06:33Z,@BianBenn-yo6iw,bu luluk cerdas teanng dukung dr sidoarjo,netral,3
2024-10-19T04:06:10Z,@wachidmujizat6572,bagus srikandi jawa timur,netral,2
2024-10-19T04:04:20Z,@bennyhantv9367,bu liluk cerdas vote dr surabaya,netral,0
2024-10-19T03:19:14Z,@arexxxx_,sebenernya suka kinerja bu risma udah cape main gus gus an dongkrak suara udah smuanya melek emang ga kompeten ga gus gus an gandeng azrul ananda mumpuni sebenernya,netral,2
2024-10-19T18:55:43Z,@ryanastronout699,aja khofifah nu muslimat muak pengurus nu gak berpolitik,netral,1
2024-10-19T03:16:12Z,@NanangLestari-k6y,banyuwangi buk risma,netral,2
2024-10-19T03:14:32Z,@agungsatchild8352,gara quot khofifah and the gank kuping orang jatim terancam budek masal,netral,1
2024-10-19T03:13:01Z,@ResmiNote8-ly6mt,pilih bu risma,netral,2
2024-10-19T03:12:43Z,@arisandiarisandi6841,khofifah bagus br bu risma cepat,netral,1
2024-10-19T03:12:03Z,@diyanidenisetiawan,aremania dukung mak risma jatim,netral,2
2024-10-19T03:09:58Z,@melaniayuwana7613,bu,netral,0
2024-10-19T03:09:45Z,@BenyWidodo-ru2yp,bu risma menyalaa br khofifah jabatan bumd,netral,1
2024-10-19T03:08:13Z,@ddfamily18,bu risma warga hawa timur hebat sehat umur bu,netral,2
2024-10-19T03:05:20Z,@Haru-wr8do,srrl,positif,0
2024-10-19T03:03:50Z,@noviesafitrii,menyala mak e arek,netral,0
2024-10-19T03:00:04Z,@kedaingaji7987,bu risma keren ketegasan beliau menentukan kemajuan jawa timur,netral,2
2024-10-19T02:45:00Z,@rarawas_,pembahasan progresif transportasi miris akses ekonomi akses pendidikan angkot malang mati,netral,0
2024-10-19T02:39:46Z,@iamrondy6309,njir paslon no tau dr,netral,0
2024-10-19T02:38:38Z,@nobichannel8667,mengurangi hormat paslon sya milih paslon no paslon milih paslon,netral,0
2024-10-19T02:34:39Z,@MaulanaIqbal-r7t,nya ngawor paslon no,netral,0
2024-10-19T02:34:34Z,@kurniatun6332,preeeeet banya pengaguranau uwang sndiri,netral,0
2024-10-19T02:33:20Z,@MaulanaIqbal-r7t,e ngawor bu risma,netral,2
2024-10-19T02:13:40Z,@rex7755,khofifah kayak prabowo suka bawa quot nama,netral,1
2024-10-19T02:10:48Z,@AbdulMunib-xt5kp,kayak prabowo br kroyok debat ujung ujungnya nomer menang,netral,0
2024-10-19T02:08:02Z,@arsmnhaliuw3280,buk khofifah the,netral,1
2024-11-01T03:10:46Z,@oiandreas6205,dana hibah yak opo kbare rek,positif,0
2024-10-19T02:07:53Z,@aqillafamilychannel876,kalo kerja ikhlas bu risma tp yg gak suka,netral,2
2024-10-19T01:59:32Z,@RachmadPerdanaSaputra,surabaya bu risma br bismillah,netral,2
2024-10-19T01:55:46Z,@ihyakulumudin6963,banyuwangi menangkan mbak luluk,netral,3
2024-10-19T01:55:28Z,@gitaagustria8574,bu risma wae resik jawa timur,netral,2
2024-10-19T01:53:37Z,@ningainiulibad,jawa timur butuh bu risma gus,netral,2
2024-10-19T01:51:57Z,@AbilPranata-zd5rm,bu risma,netral,2
2024-10-19T01:51:24Z,@bagadwi6152,umkm tok bos emil industrial produk indonesia yg setara merek samsung lg panasonic dll br br jwban,netral,1
2024-10-19T18:57:57Z,@ryanastronout699,advan urusan pusat gak support,netral,0
2024-10-19T01:46:58Z,@kepo-kz3bs,bu risma bismilah,netral,2
2024-10-19T01:46:45Z,@leochavez40,bu khofifah best lanjutkan,positif,1
2024-10-19T01:42:40Z,@EkoYulianto-bo8zy,wes bosen khofifah wayahe bu risma,netral,1
2024-10-19T01:39:08Z,@achnadmuwafiq1088,bu khofifah emil relevan bukti nyata quot nya,netral,1
2024-10-19T01:36:25Z,@HajiJaya-x9r,keren calon next presiden,netral,0
2024-10-19T01:35:19Z,@rakyatvlog89,risma,netral,2
2024-10-19T01:34:56Z,@rakyatvlog89,madura risma,netral,2
2024-10-19T01:32:14Z,@rakyatvlog89,madura risma,netral,2
2024-10-19T01:32:00Z,@ramaiyanto2335,cawagub nya cerdas,netral,0
2024-10-19T01:31:48Z,@rakyatvlog89,jawatimur semoga risma terpilih,netral,2
2024-10-19T01:31:45Z,@nimasayuwijayanti2779,bu risma,netral,2
2024-10-19T01:22:46Z,@siregarhariman2064,periksa kpk ayo,positif,0
2024-10-19T01:19:50Z,@achmadseptian4181,oke gas,positif,0
2024-10-19T01:18:54Z,@arifulhakimtv,buk khofifah,netral,1
2024-10-19T01:17:17Z,@chochoasen1476,bu khof,netral,0
2024-10-19T01:12:58Z,@damanhuri6309,,netral,0
2024-10-19T01:07:25Z,@agusazzamalfatih2821,bu risma kog anak banteng ya,netral,2
2024-10-19T01:04:50Z,@widodowidodo1384,jawatimur maju sejahtera bebas korupsi y bu rismalah,netral,2
2024-10-19T00:49:46Z,@arochianilhamdzi4240,,netral,0
2024-10-19T00:19:18Z,@richartsahatatuamanurung9514,setuju dgn bu risma,netral,2
2024-10-19T00:18:27Z,@saifulahmad2158,tetep bu risma hati,netral,2
2024-10-19T00:15:50Z,@slamethariadi6604,yg heran yg undang studio orng orng joz tpi kog kadang ingatkan mc sorak sorak nya,netral,0
2024-10-19T00:15:17Z,@dwicahya-c6k,kualitas public speaking krna mantan dpr pkb komunikasi bicara hasil kepemimpinan yg gak dirasakan masyarakat jatim bicara hati tulus kemajuan jatim risma calon cagub jatim yg layak indonesia maju adil bebas korupsi,netral,2
2024-10-23T15:58:06Z,@samsulhidayat2940,no gk tau mending diam,netral,0
2024-10-26T10:01:19Z,@sugengdaluh9781,no jari kelingking jokowi,positif,0
2024-10-19T00:13:51Z,@hesti-ch2cu,bu riema n gus hand doakan amnaah alloh swt mnjadi pemimpin jatim bismilah menang quot hanura nkri,netral,2
2024-10-19T00:13:07Z,@marpinani,risma menang,netral,2
2024-10-19T00:05:44Z,@mr.harissetyawan5104,bu risma yg cocok tarik contoh aja yg berani tutup dolly bu risma yg aja berani rubah berani sikat pemgalaman track record yg pemimpin dipilih jago kerja jago menjilat,netral,2
2024-10-20T07:36:14Z,@zakariasundulangit1215,bu risma wani kewenangannya br br nek umpomo ridwan dadi walikota suroboyo yo wani br tergantung kewenangan,netral,2
2024-10-18T23:58:40Z,@nagaeka8998,bu risma jatim,netral,2
2024-10-18T23:52:24Z,@dwicahya-c6k,durasi pendek menit detik efektif coba menit problematikan jatim panelis simbolis aja panelis langsung live tanggapan yg rasional biar rakyat tau kualitas calon pemimpinnya,netral,0
2024-10-19T02:02:20Z,@siregarhariman2064,panelis mrk hnya membaca doang mending pembawa acara aja tinggal baca,netral,0
2024-10-18T23:48:56Z,@caturbudiono6629,bu risma karakter pemimpin yg tdk jago ngomong kerjanya,netral,2
2024-10-18T23:44:06Z,@m.azizmaulana5097,surprisingly bu luluk cakap dlm debat,netral,3
2024-10-18T23:41:51Z,@danialsalam5751,risma,netral,2
2024-10-18T23:40:53Z,@giganetjember-z8e,bu risma jemberrrrrrr menang,netral,2
2024-10-18T23:40:00Z,@dwicahya-c6k,bu risma the best,netral,2
2024-10-18T23:34:10Z,@giganetjember-z8e,rismaaaaaaaa,netral,2
2024-10-18T22:56:26Z,@romani9534,suka bu risma liat partainya,netral,2
2024-10-19T01:52:57Z,@ningainiulibad,partai utk d liat partai pengusungnya sesosok bu risma ditunggu jawa timur,netral,2
2024-10-19T10:06:31Z,@sulungRagil-lb2bs,ningainiubetul bangetlibad,netral,0
2024-10-18T22:39:58Z,@christianadewawan4751,risma up up,netral,2
2024-10-18T22:24:35Z,@cahyodwi7989,kecerdasan milik bu kofifah gassskan periode,negatif,0
2024-10-18T22:21:41Z,@cahyodwi7989,gaskan bu kofifah juoossss,netral,0
2024-10-18T22:21:12Z,@isanuddinachmad7614,paslon berambisi amp,positif,0
2024-10-18T22:17:12Z,@cahyodwi7989,gassskan kofifah periode,netral,0
2024-10-18T22:15:22Z,@cahyodwi7989,yo panggah bu kofifah,netral,0
2024-10-18T22:09:04Z,@richartsahatatuamanurung9514,bu tririsma i love you so much,netral,2
2024-10-18T22:08:36Z,@richartsahatatuamanurung9514,tulus pandai berretorika tulus terampil,positif,0
2024-10-18T22:07:00Z,@richartsahatatuamanurung9514,bu trisma tulus jujur memeluk rakyatnya dgn hati,netral,2
2024-11-02T09:18:31Z,@darmuji6276,orang gitu d lihat orang g sampek pintu d gembok orang sholat g bsh sampek sholat d pintu,netral,0
2024-10-18T22:06:23Z,@richartsahatatuamanurung9514,trisma mrenang,positif,2
2024-10-18T22:05:27Z,@RontoWijiyo,bu risma juosss,netral,2
2024-10-18T22:02:43Z,@achmadsya4866,bu risma terbukti kerjanya,netral,2
2024-10-19T01:44:16Z,@chochoasen1476,terbukti emang gubernur,positif,3
2024-10-19T14:31:26Z,@7_zarifanurinnisa418,terbukti walkot sby periode mensos tdk dipanggil,netral,0
2024-10-18T21:50:31Z,@abduhmc,risma baca buku,netral,2
2024-10-18T23:46:30Z,@giganetjember-z8e,mang eak,positif,0
2024-10-18T21:32:45Z,@anzhimakala8920,bu rismaa jlas,netral,2
2024-10-18T21:16:40Z,@Pipaalir,debat debat jkt kemaren pepesan kosong dagelan topeng monyet,netral,0
2024-10-18T20:56:59Z,@MohJady,saudi gabung bingung pilih bu luluk burisma duanya bagus,netral,2
2024-10-18T20:44:56Z,@sandratarotchannel7382,malang bu risma bismillah gubernur jatim,netral,2
2024-10-19T01:39:40Z,@chochoasen1476,malang kota bu khofifah hehehehe woles,netral,1
2024-10-19T09:47:12Z,@sulungRagil-lb2bs,pilih tri risma,netral,2
2024-10-18T20:43:25Z,@hendrachem3613,mah modal frontal mslah pengangguran yg yg utama individu yg nilai kterampilan mskpun pengangguran y mustahil,netral,0
2024-10-18T20:35:15Z,@arians2619,gresik all in bu,positif,0
2024-10-18T20:29:20Z,@CRLWLNS,gak pilih karna jkt berharap jatim dipimpin bu risma br beruntung warga jatim bu risma yg memimpin,netral,2
2024-10-22T19:51:22Z,@IndraDewa-is6ov,,netral,0
2024-10-18T20:27:47Z,@sumidahalihsaniofficial612,thebest bu luluk khofifah yes pilihan hati,netral,1
2024-10-18T20:24:46Z,@Ar_Rayyan_Eyes,masyarakat jawa timur cerdas jgn pilih pemimpin suka obral yg menepati janji quot,netral,0
2024-10-19T09:42:55Z,@sulungRagil-lb2bs,tri risma,netral,2
2024-10-22T21:07:13Z,@IndraDewa-is6ov,semangat ya risma salam hormat partai pdip megawati ku mas indra dewa suharto istriku tercinta mba mirahwati mojang kota boyolali jawa bayi ku lahir pemalang jawa i love you partai pdip megawati dewa keluarga jawa timur amp jawa amp mas dewo keluarga partai,netral,2
2024-10-18T20:22:30Z,@imamsaripin356,mantap bu risma,netral,2
2024-10-18T20:22:24Z,@bobynardo4951,semoga bu risma menang jatim sebage gubernur jatim,netral,2
2024-10-18T20:19:39Z,@Bdidhhsjks,kog bilang kesehatan gratis kesehatan gratis visi misi jaminan kesehatan tertera uu ya gratis gratis yg dgn kepemimpinannya,netral,0
2024-10-18T20:13:31Z,@andreasb182,wow calonnya wanita nih serem,netral,0
2024-10-18T19:46:03Z,@achmadwiyanto7554,biyen kopipa saiki wayae bu risma gaonok liyane ngerti a br bu trirismaharini wayae jawa timur br gass bu risma tok,netral,2
2024-10-18T22:15:59Z,@cahyodwi7989,hhhhh,netral,0
2024-10-18T19:41:44Z,@Bdidhhsjks,khofifah,netral,1
2024-10-18T19:26:17Z,@slametarivinarivin4628,bu risma gus,netral,2
2024-10-18T19:25:10Z,@slametarivinarivin4628,ngomong emil perna blusuk an sih ngk tau lulus an sma yg susah cari krja krja ndk nentu kyk kurir kuli bangun an sesue ijaza nya yg quot krja nya sprti,netral,1
2024-10-18T19:04:09Z,@purwakarya9786,bojonegoro los bu risma,netral,2
2024-10-18T19:03:51Z,@padimenguningofficial337,madura all in bu risma,netral,2
2024-10-18T18:44:07Z,@nurhuda8922,bojonegoro fuul bu risma,netral,2
2024-10-18T18:44:03Z,@TobiasFerreira-k3q,but risma me ang lunar,netral,2
2024-10-18T18:34:59Z,@JonatanSetyadi,bu risma dipilih gub jatim,netral,2
2024-10-18T18:33:45Z,@NS-p1c,alhamdulillah semoga bu risma menang,netral,2
2024-10-18T18:32:49Z,@dendysetya2193,rismaa tokkkk,netral,2
2024-10-18T18:29:11Z,@abdulrhmanmakkah6316,semoga terpilih gubernur jawa timur,netral,3
2024-10-18T18:26:47Z,@slametarivinarivin4628,kopipah pinter ngomong aja cobak tnya saudra quot yg madura tapal kuda yg perbuwat kopipah janji yg bukti br jombang merasakan perubah an,netral,0
2024-10-18T18:25:25Z,@slametarivinarivin4628,jombang bu risma,netral,2
2024-10-20T17:06:13Z,@Mangkhoo,wajib hukumnya kawal tularkan tetangga br bu risma menang jombang,netral,2
2024-10-18T18:17:07Z,@adityacandra3182,ibuk risma josss,netral,2
2024-10-18T18:11:59Z,@sandisme,pembawa acara yg perempuan keren euuuuuuy meuni sabar,netral,0
2024-10-18T18:11:10Z,@kusnadi9277,bu risma dg kayaknya ngomong jgn mknya sok warga jatim cari yg jago pidato jago kerja klw mah mendibg pilih risma,netral,2
2024-10-18T18:07:48Z,@arissetiawan9822,jaman covid bu risma mengadakan test pcr warga dgn mobil pcr dgn mendadak pemprov menarik mobilnya daerah br gubernurnya,netral,2
2024-10-19T03:23:06Z,@deaanan5926,risma mensos dijegal,netral,2
2024-10-19T09:44:32Z,@sulungRagil-lb2bs,iya intinya pilih tri risma,netral,2
2024-10-18T17:59:51Z,@bahrululum3223,lumajang bu risma mendukung,netral,2
2024-10-18T17:54:37Z,@andiksuhermanto1400,wayahe bu risma,netral,2
2024-10-18T17:52:34Z,@imranakhmadannahdliyah,all in kopipah,netral,0
2024-10-18T18:51:06Z,@agsm137,hibah dana,netral,0
2024-10-18T17:47:07Z,@tomsmanggala8744,bismillah pilih bu risma,netral,2
2024-10-18T17:46:28Z,@PutraAndika-ji3fb,kesehatan gratis uda yg aneh nakesnya gak dibayar yg honorer sukarelawan,netral,0
2024-10-18T17:38:43Z,@arifgunawanms,bu risma visi misi,netral,2
2024-10-18T18:51:45Z,@agsm137,maksdnya,positif,0
2024-10-18T17:37:35Z,@arifgunawanms,visi misi,netral,0
2024-10-18T17:28:54Z,@bbemzshananta4264,bu risma the best br bu luluk tenang patut contoh,netral,2
2024-10-19T01:56:30Z,@gitaagustria8574,bu luluk sdh debat d acara talk show,netral,3
2024-10-19T08:05:04Z,@bbemzshananta4264,iya melatih jg anggota dpr ri kmaren jd udh terbiasa rapat debat manusia pinter ngomong br seneng aja ngeliatnya perempuan public speaking bagus tenang patut contoh tuh kalo perempuan,netral,2
2024-10-19T09:41:35Z,@sulungRagil-lb2bs,tri risma,netral,2
2024-10-18T17:28:38Z,@imampangestu3385,orang jawa timur bu khofifah menang,netral,1
2024-10-18T17:26:20Z,@ferybukit,lanjutkan bu khofifah joshh semangat,netral,1
2024-10-18T18:48:07Z,@agsm137,memalukan muslimat kejar kpk br benci tp calon yg bersih br jg bu kofifah,netral,0
2024-10-18T19:04:25Z,@ferybukit,wkwkwk bersih hare wkwkwkw maaf suka banteng mak erotnya kpk aman tuh bukti hehehe yg satunya aman nyapres kemarin peringkat capresnya kasusnya bingungkan wkwkwkwk yg tau cerita nya ngak gitu yg ngak tau cerita nya wkwkwkwk,netral,0
2024-10-18T21:32:40Z,@penafauzy,lanjutkan kemiskinan kkn,positif,0
2024-10-18T22:22:05Z,@cahyodwi7989,bu kofifah,netral,0
2024-10-18T23:49:55Z,@caturbudiono6629,dana hibah,netral,0
2024-10-18T17:23:39Z,@eddogawat,greget debatnya,netral,0
2024-10-18T17:45:57Z,@ngisornduwur5092,debat pilgub banten,netral,0
2024-10-18T17:49:44Z,@eddogawat,wow,netral,0
2024-10-18T17:17:02Z,@kukuh_w_pratomo,risma,netral,2
2024-10-18T17:15:20Z,@wiranegara4836,bu risma pemimpin praktek ahli berpidato berteori melu,netral,2
2024-10-18T17:13:43Z,@riesdyah,membuktikan jawa timur berhasil provinsi penuh prestasi lanjutkan,positif,0
2024-10-18T18:52:34Z,@agsm137,prestasinya opo brow br dana hibah ye,netral,0
2024-10-18T19:33:59Z,@purwakarya9786,berhasil,netral,0
2024-10-18T23:52:17Z,@caturbudiono6629,,netral,0
2024-10-19T03:18:48Z,@unclesam3394,dibayar piro pean iso ngmong kyok ngene,netral,0
2024-10-18T17:13:12Z,@Perintismuda01,bu risma kerja jozz all in jatim,netral,2
2024-10-18T17:13:09Z,@MuliadiAlsaidi,srikandi calgub,netral,0
2024-10-18T17:04:47Z,@suswanto9987,bismillah semangat istiqomah risma,netral,2
2024-10-18T17:02:51Z,@Budioso-je3xd,paslon cawagub pollowupnya mengena realita,netral,0
2024-10-18T16:52:49Z,@galanggpt6814,kawal suara mak e ben gak curangi seng wedeni mek kalah karo wasite pokok kawal dulur,netral,0
2024-10-18T17:45:41Z,@DESAKEBONCANDI,megito,netral,0
2024-10-18T22:22:28Z,@cahyodwi7989,jjjhhhhh,netral,0
2024-10-18T16:49:52Z,@yahyajayayanti2374,sya warga jatim kofifah kerjanya gak tau setau sya berambisi nyagub kalah lawan pakde karwo trus menang bu risma ae yg gak ambisius tpi kerjanya,netral,2
2024-10-18T18:25:06Z,@slametarivinarivin4628,ya kalah lawan pakde karwo gus ipul menang pas pakde karwo maju br tahung ngk ngapa quot in ngenes bolo jatim br jombang ra enek perubah an blass teko provinsi yg pimpin kopipah,netral,2
2024-10-18T22:23:36Z,@cahyodwi7989,berubaho dwe to,positif,0
2024-10-19T01:32:37Z,@sulyadialvin-nt8xm,kepala daerah pola pikir minus,netral,0
2024-10-19T01:48:37Z,@mistersuntoro9912,orang quot cerdas merubah nasibnya termssuk merubah pemimpinya,netral,0
2024-10-19T04:43:08Z,@ryangussanda4807,khofifah dadi gubernur gak mbeneh blas,netral,1
2024-10-18T16:49:46Z,@henymufida07,blitar bu,netral,0
2024-10-18T16:49:16Z,@galanggpt6814,mak e jawa timur kampung mak risma gubernur mak,netral,2
2024-10-18T16:45:41Z,@Andipraz,bu risma gugup gpp buu all in bu rismaaaaaa,netral,2
2024-10-18T18:27:43Z,@slametarivinarivin4628,bu risma pintar ngomong pintar kerja br beda noe pinter ngomong aja ngapain aja jatim,negatif,2
2024-10-19T01:34:30Z,@sulyadialvin-nt8xm,gak covid pemulihan ekonomi covid lu penerima bantuan covid gak denger penjelasan khofifah pertanian dll,netral,1
2024-10-19T09:45:57Z,@sulungRagil-lb2bs,pilih tri risma,netral,2
2024-10-18T16:45:18Z,@WENINEGUSTI,mantap calon gubernur perempuan,netral,3
2024-10-18T16:44:49Z,@bamnowchannel8116,tulung agung hadir br semoga bu risma br manjadi jatim br aamiin,netral,2
2024-10-18T18:43:49Z,@agsm137,ta mak,positif,0
2024-10-18T16:44:35Z,@JakaTingkir-kx1px,pinter ngomong mbak lulu bu khofifah pinter kerja bu risma bersih iklas,netral,1
2024-10-18T17:42:19Z,@PutraAndika-ji3fb,pekerjanya dipimpin orang yg suka,netral,0
2024-10-18T18:21:50Z,@agsm137,sekelas doly,positif,0
2024-10-18T18:22:48Z,@slametarivinarivin4628,onk critane gg ngrty jowo jatim kog gg ngrty lucu bu risma lahir kediri surabaya gus hans orang jombang pengasuh ponpes dahrul ulum kopipa pinter ngomong krja nol jalan quot provinsi sidoarjo sampek jombang bergelombang kayak sawah,netral,2
2024-10-18T18:23:13Z,@slametarivinarivin4628,quot pegawai yg becus marah rakyat,netral,0
2024-10-18T19:11:27Z,@AjengAyus-n6q,kotoran dana hibah bersihkan hehehehe bersih enek nyaman,netral,0
2024-10-18T16:43:33Z,@akomando5225,all in bu risma,netral,2
2024-10-18T16:42:49Z,@henymufida07,kemiskinan jatim,netral,0
2024-10-18T16:42:44Z,@asamsingingangel4530,masi ndompleng nama pertanda ga percaya takut kalah amp takut ketauan kalo gak kerja,netral,0
2024-10-18T18:42:54Z,@agsm137,sempet gwo jeneng presiden nyapo ra sempet bahas dana hibah,netral,0
2024-10-19T01:36:05Z,@chochoasen1476,dibarisan yg ya wajar aja menurutku,netral,3
2024-10-19T12:29:46Z,@achmadwiyanto7554,hahahaha,netral,0
2024-10-20T19:24:35Z,@muhamadazis5218,iya bener inget airlangga barisan yg coba nggk barisan yg kayak gimana tuh,netral,0
2024-11-01T02:56:19Z,@oiandreas6205,ho oh,netral,0
2024-10-18T16:40:08Z,@AfiffUsman,awas salah pilih diincar kpk,netral,0
2024-10-19T03:50:07Z,@AispurwaSari,tuh dunk,positif,0
2024-11-01T02:43:16Z,@oiandreas6205,huusrt omng ae,netral,0
2024-10-18T16:39:38Z,@hajiyayasuraya,bu risma gus han,netral,2
2024-10-18T16:39:22Z,@JayaPutra-fj4tj,khofifah nyerocos aja tp gk buktinya kl ngomong gk pakai titik koma gubenur periode gk hasil yg korupsi kl pilih risma aja yg uda terbukti kerjanya walikota surabaya periode mentri korupsi buktikan kl kofifah liat kedepannya buktikan,netral,1
2024-10-18T18:45:25Z,@agsm137,prestasinya kofifah kn kpk br memalukan muslimat incar kpk,netral,0
2024-10-19T04:46:37Z,@ryangussanda4807,khofifah jan gak mbeneh blas neng rakyat,netral,1
2024-10-18T16:28:50Z,@Temendil,khofifah layak,netral,1
2024-10-18T18:53:15Z,@agsm137,layak bawa dana hibah y,positif,0
2024-10-18T16:28:22Z,@rickchannel6093,khofifah risma mengemban tugas menteri sosial era jokowi,netral,1
2024-10-18T18:50:13Z,@agsm137,yg pulang bersih korupsi,netral,0
2024-10-18T16:28:14Z,@salamlestari8896,pendukung sdm rendah,netral,0
2024-10-18T18:57:17Z,@agsm137,maksudte,positif,0
2024-10-18T16:26:43Z,@LeluhurLeluhur,dana hibah kembalikan,positif,0
2024-10-18T18:48:27Z,@agsm137,eman,positif,0
2024-10-18T16:26:36Z,@BusukSaipul,bingung pilih bu risma bu luluk bagus klau bu kopipah jatim gak perkembangan,netral,2
2024-10-18T23:41:51Z,@utimumtaz8575,msh orang tdk bersykur yg buka bis trans jatim tembus gerbang kertasusila iku sopo payah,netral,0
2024-10-19T01:56:34Z,@ihyakulumudin6963,,netral,0
2024-10-19T02:22:44Z,@unclesam3394,udah tugas e bikin transportasi yg layak warga jgn anggap prestasi ya netijen penyepong khofifah br br prestasi program yg bikin diapresiasi diterapkan,netral,1
2024-10-19T18:47:41Z,@ryanastronout699,trans jatim masterplan nya pakde karwo,netral,0
2024-10-19T18:48:21Z,@ryanastronout699,masterplan pakde karwo khofifah tinggal lanjutin aja,netral,1
2024-10-18T16:21:29Z,@qnunamin,berlian,positif,0
2024-10-18T16:21:06Z,@agungpamuji1467,gus hans poin jawabanya,netral,2
2024-10-18T16:13:26Z,@indrahariyanto880,risma,netral,2
2024-10-18T16:12:09Z,@AgungMulyatno-m2s,bu ris ma mantap,netral,0
2024-10-18T16:10:31Z,@AgungMulyatno-m2s,klau sy nyoblos sy pilih bu risma,netral,2
2024-10-18T16:09:48Z,@perdanakarya2495,bu risma hans,positif,2
2024-10-18T16:04:51Z,@fendikistyowantoro7551,bu risma,netral,2
2024-10-18T16:03:01Z,@hulpangestu,warga jatim khofifah perubahan wayae risma,netral,1
2024-10-18T16:41:36Z,@AfiffUsman,ngeri kalo yg pake baju orange,netral,0
2024-10-18T16:02:49Z,@jhofepetruk5005,paslon no janjine muluk gk masuk d,netral,0
2024-10-18T18:55:03Z,@agsm137,bebas br nmanya jg kampanye br yg gk makek dana hibah br muslimat kejar kpk br gk malu ama tuhannya y,netral,0
2024-10-20T16:38:07Z,@jhofepetruk5005,bener bebas ngomong bos janji d tepati jgn masyarakat gak butuh janji butuh bukti janji ny gk d tepatin jgn sampek masyarakat yg miskin miskin yg kaya kaya gak peduli yg jd gubernur yg janji d buktikan jgn smpai kejadian d daerah yg janji ny jd lupa d tagih memutar balikan fakta,netral,3
2024-10-18T16:02:36Z,@sahrul122fitroni8,bu risma,netral,2
2024-10-18T16:02:26Z,@bangadiofficial8699,biar bingung meminpinya lanjutkan aaja,netral,0
2024-10-18T16:01:12Z,@Setiawan-,risma pemarah br br,netral,2
2024-10-18T17:36:59Z,@johnthin_jack5067,pemarah asn pns yg kerjanya lelet,netral,0
2024-10-18T23:53:33Z,@caturbudiono6629,pemarah warganya bos iku namanya pemimpin ojok klemar klemer warganya,netral,0
2024-10-18T16:01:10Z,@rihaldiky-tw1le,bu risma,netral,2
2024-10-18T16:00:26Z,@eryeryanto5314,majuuuu buuuuuuu nomor insha allah menang menang menang,netral,0
2024-10-18T15:59:36Z,@Setiawan-,ngomong aja nggak paham ngomong aja,negatif,0
2024-10-18T15:59:30Z,@dimasputra6541,pasuruan all in bu risma gus hans,netral,2
2024-10-18T17:50:26Z,@imranakhmadannahdliyah,all in kopipah bos,negatif,0
2024-10-19T03:22:33Z,@deaanan5926,imranakhmadannahdliyah gubernur auto pilot maksud kau,netral,3
2024-10-18T15:55:25Z,@Ardans-jo3vr,pkb ngusung calon,positif,2
2024-10-18T15:55:03Z,@ngisornduwur5092,,netral,0
2024-10-18T15:53:29Z,@SyamWalla,khofifah amp emil br,netral,1
2024-10-18T16:18:44Z,@turiahtamara1815,redup,netral,0
2024-10-18T17:43:27Z,@KiuwKiuw-gj9sk,sepi bos lapo ae,netral,0
2024-10-18T23:50:38Z,@caturbudiono6629,gak berasa tuh kepemimpinanya,netral,0
2024-10-19T04:56:23Z,@ryangussanda4807,ra beneh karo rakyat,netral,0
2024-10-18T15:53:08Z,@febryfadhillah,buu rismaa,netral,2
2024-10-18T15:51:38Z,@MuhammadSaikhu-pz2uw,joss bu,positif,0
2024-10-18T18:55:58Z,@agsm137,hibah dana,netral,0
2024-10-18T19:34:52Z,@purwakarya9786,jos malingnya lolos,positif,0
2024-10-18T15:51:09Z,@herolherol1508,probolinggo buk risma,netral,2
2024-10-18T15:47:35Z,@trinasari9122,bu risma yesss,netral,2
2024-10-18T15:47:16Z,@kadirrachmiyati8071,bu risma hans,positif,2
2024-10-18T15:44:38Z,@CeritaNasehat,semoga bu risma terpilih gubernur jatim aamiin,netral,2
2024-11-02T09:05:16Z,@darmuji6276,g doyan khofifah,netral,1
2024-10-18T15:44:27Z,@2rfamily195,nomor kesane kayak sempurna,negatif,0
2024-10-18T15:40:45Z,@jaggerwolf_jgw,gak salah denger bu khofifah bilang pengangguran jawa timur terbuka rendah banding pengangguran indonesia btw jawa timur negara kah ko bandingin indonesia kalo bandingin jabar oke sih dki,netral,1
2024-10-18T15:50:53Z,@SamjayaTeknik,nama nya indek tolak ukur ya patokan indek nasional daerah patokan daerah tolak ukur lomba bro,netral,0
2024-10-19T01:40:48Z,@chochoasen1476,coba balenono trus cerna en sing genah,netral,0
2024-10-20T07:25:54Z,@zakariasundulangit1215,tolak ukurnya indeks nasional br br daerah br daerah datanya ga valid anggaran beda beda br contoh papua sumatera jawa beda br br penggunaan pembanding indeks nasional sesuai,netral,0
2024-10-18T15:40:26Z,@DavidSakari-y1j,warga sulawesi bangga provinsi jawa timur yg dimna pemimpin dipimpin perempuan,netral,0
2024-10-18T17:50:07Z,@dachangsengRack,lhaa sy org asli palu udh sby sukaa ajaaa presedenn,netral,0
2024-10-18T15:38:09Z,@ariezzel6752,petahana bnyak yg dukung partainya kuasa dana risma mengalahkannya,netral,2
2024-10-18T15:45:52Z,@tonifirmanto4909,auto mas,netral,0
2024-10-19T02:27:33Z,@unclesam3394,iso,netral,0
2024-10-22T06:39:22Z,@PakSahroni-l9j,bismillah b risma izin allah memimpin,netral,2
2024-11-01T03:08:52Z,@oiandreas6205,,netral,0
2024-10-18T15:37:15Z,@DavidSakari-y1j,bu chofifah br lanjutkan,netral,0
2024-10-18T17:49:53Z,@danyantono163,korupsinya,netral,0
2024-10-18T18:56:43Z,@agsm137,cih br jan memalukan muslimat kejar kpk,netral,0
2024-10-18T15:36:52Z,@ariezzel6752,coba pilih bu risma,netral,2
2024-10-18T18:00:11Z,@imamgojali5339,mbok pikir jual beli sepeda bekas test drive pilih ya pilih aja pertimbangan pemikiran,netral,0
2024-10-19T09:51:29Z,@sulungRagil-lb2bs,terimakasih,netral,0
2024-10-18T15:36:17Z,@andangriyanto4122,,netral,0
2024-10-18T15:35:44Z,@rakirekutchanel,bu risma terbaik,positif,2
2024-10-18T15:34:36Z,@rhychand5374,bu khofifah,netral,1
2024-10-18T19:33:23Z,@purwakarya9786,,netral,0
2024-10-18T15:34:11Z,@zackypunk9910,semoga bu risma menang,netral,2
2024-10-18T15:33:52Z,@fauzibajawa8966,bu khoififah smg jad gubenur,netral,3
2024-10-18T15:33:43Z,@setiawanc3813,bu risma,netral,2
2024-10-18T15:52:56Z,@febryfadhillah,bu risma kuu,netral,2
2024-10-18T15:33:09Z,@margonomono1122,bu risama ki ono turunane tomo po,netral,0
2024-10-18T18:46:21Z,@agsm137,mojo,netral,0
2024-10-18T15:32:57Z,@fmsdx5597,kediri bismillah mak risma jatim,netral,2
2024-10-18T15:31:25Z,@hobitanaman6302,bu risma ketegasan kepemimpinan beliau membawa kemajuan jawa timur,netral,2
2024-10-18T15:28:56Z,@Suparno-s5y,bu risma pilihan,positif,2
2024-10-18T15:27:54Z,@dikdiknurmansyah2267,bu risma keren,netral,2
2024-10-18T15:26:21Z,@ferypebruari7423,bu risma,netral,2
2024-10-18T15:37:37Z,@ARA-z2,gubernur jatim masyarakatnya tau aneh emang turun,netral,3
2024-10-18T15:26:18Z,@mustofa7568,bu,netral,0
2024-10-18T15:24:39Z,@dianrana5239,,netral,0
2024-10-18T15:24:35Z,@pungbgts7364,dejavu br bu khofifah mundur menteri sosial gubernur jawa timur br bu risma mundur menteri sosial semoga gubernur jawa timur br aamiin,netral,1
2024-10-18T18:20:55Z,@slametarivinarivin4628,amien menang bu risma gus hanss tok,netral,2
2024-10-18T20:05:22Z,@H.A86,aamiin,netral,0
2024-10-19T01:08:52Z,@Machmudah-ni8sb,aamiin,netral,0
2024-10-19T06:27:40Z,@NyomanDerana,madura coblos nomer risma,netral,2
2024-10-19T07:42:12Z,@abdulrhmanmakkah6316,amiin bu risma insya allah yg terbaik,netral,2
2024-10-18T15:24:13Z,@AchmadShopyan-c4m,bu risma,netral,2
2024-10-18T15:24:09Z,@ChongFookheong,bu risma,netral,2
2024-10-18T15:23:07Z,@leny2692,risma han,netral,2
2024-10-18T15:22:31Z,@ranvi4827,no urut tuh,positif,0
2024-10-18T15:20:22Z,@rizkynurhidayat6267,like bu risma br komen bu khofifah br br yuks vote,netral,1
2024-10-18T15:25:59Z,@NabilAmsir,bu khofifah dn mas emil ogah pilih yg ujung banteng,netral,1
2024-10-18T15:37:15Z,@cahyofajar8658,bu risma donk,positif,2
2024-10-18T15:43:23Z,@mochmahrusmahrus3435,bu risma yes,netral,2
2024-10-18T15:43:41Z,@SamjayaTeknik,ogah pilih yg kebonya entar skor maalu,netral,0
2024-10-18T16:59:08Z,@Huda86-fd5ek,samjayateknikyang kemaren dikunjungi kpk ya duhh ogah pake bingit kalo berbau kapeka,netral,0
2024-10-18T15:19:34Z,@iqwanaroby1701,bu,netral,0
2024-10-18T15:17:50Z,@fauzalaili,bu,netral,0
2024-10-18T15:17:31Z,@Oksen.,bu,netral,0
2024-10-18T15:17:01Z,@azmanash5930,,netral,0
2024-10-18T15:15:23Z,@miftahquljayarosita4908,wayah e rissmmaaa,netral,0
